rank|name|score|link|class|outfit|eyewear|skin|headwear|special
1|BullMoon #263|1661.0|https://opensea.io/assets/ethereum/0xc6d12b8fc4eedea0163456697e81c8ae84bb0531/263|superrare|golden armor set|golden armor set|red|golden armor set|golden armor set
2|BullMoon #13|1360.3245614035088|https://opensea.io/assets/ethereum/0xc6d12b8fc4eedea0163456697e81c8ae84bb0531/13|common|magenta spacesuit|sci-fi 3|metallic black|peach hair|spacesuit helmet 
3|BullMoon #174|1317.549019607843|https://opensea.io/assets/ethereum/0xc6d12b8fc4eedea0163456697e81c8ae84bb0531/174|rare|armored escort set|armored escort set|blue|armored escort set|armored escort set
4|BullMoon #8|1210.380505459453|https://opensea.io/assets/ethereum/0xc6d12b8fc4eedea0163456697e81c8ae84bb0531/8|common|woven sweater|night wing mask|metallic cyan|robin hood hat|-
5|BullMoon #1|1158.9912280701756|https://opensea.io/assets/ethereum/0xc6d12b8fc4eedea0163456697e81c8ae84bb0531/1|common|black woven sweater|sci-fi 1|purple|xmas|unicorn locket
6|BullMoon #3|1059.380505459453|https://opensea.io/assets/ethereum/0xc6d12b8fc4eedea0163456697e81c8ae84bb0531/3|common|silver leather jacket|carnival mask 1|metallic blue|steampunk vintage hat|-
6|BullMoon #7|1059.380505459453|https://opensea.io/assets/ethereum/0xc6d12b8fc4eedea0163456697e81c8ae84bb0531/7|common|leather jacket|fancy mask 1|green|fin helmet|-
6|BullMoon #9|1059.380505459453|https://opensea.io/assets/ethereum/0xc6d12b8fc4eedea0163456697e81c8ae84bb0531/9|common|business shirt 1|sci-fi 2|red|safety helmet|-
6|BullMoon #12|1059.380505459453|https://opensea.io/assets/ethereum/0xc6d12b8fc4eedea0163456697e81c8ae84bb0531/12|common|baseball jacket|star fancy glasses|metallic purple|green hair|-
6|BullMoon #19|1059.380505459453|https://opensea.io/assets/ethereum/0xc6d12b8fc4eedea0163456697e81c8ae84bb0531/19|common|black leather jacket|hero mask|metallic green|tweed flat cap|-
11|BullMoon #6|1038.1912280701754|https://opensea.io/assets/ethereum/0xc6d12b8fc4eedea0163456697e81c8ae84bb0531/6|common|soccer jersey|classic glasses|blue|wizard hat|soccer ball
12|BullMoon #99|1015.5490196078431|https://opensea.io/assets/ethereum/0xc6d12b8fc4eedea0163456697e81c8ae84bb0531/99|rare|clown suit|laser safety|pink|lavender hair|clown locket
13|BullMoon #10|914.8823529411765|https://opensea.io/assets/ethereum/0xc6d12b8fc4eedea0163456697e81c8ae84bb0531/10|rare|clown suit|ok glasses|green|jester hat|clown locket
14|BullMoon #4|908.3805054594529|https://opensea.io/assets/ethereum/0xc6d12b8fc4eedea0163456697e81c8ae84bb0531/4|common|scotch shirt|hero mask|basil|black hair|-
14|BullMoon #20|908.3805054594529|https://opensea.io/assets/ethereum/0xc6d12b8fc4eedea0163456697e81c8ae84bb0531/20|common|silver hoodie|carnival mask 1|orange|fisherman hat|-
16|BullMoon #14|858.0471721261196|https://opensea.io/assets/ethereum/0xc6d12b8fc4eedea0163456697e81c8ae84bb0531/14|common|hoodie|sci-fi 1|pale dark green|jester hat|-
17|BullMoon #15|807.7138387927862|https://opensea.io/assets/ethereum/0xc6d12b8fc4eedea0163456697e81c8ae84bb0531/15|common|iron suit|laser safety glasses|pink|spiked biker helmet|-
18|BullMoon #5|757.3805054594529|https://opensea.io/assets/ethereum/0xc6d12b8fc4eedea0163456697e81c8ae84bb0531/5|common|mountain jacket|star fancy glasses|metallic lavender|fisherman hat|-
18|BullMoon #17|757.3805054594529|https://opensea.io/assets/ethereum/0xc6d12b8fc4eedea0163456697e81c8ae84bb0531/17|common|tanktop 1|sci-fi 3|egg|magenta hair|-
20|BullMoon #16|710.1934640522875|https://opensea.io/assets/ethereum/0xc6d12b8fc4eedea0163456697e81c8ae84bb0531/16|rare|full business suit|classic glasses|silver|leather hat|dollar earring
21|BullMoon #2|707.0471721261196|https://opensea.io/assets/ethereum/0xc6d12b8fc4eedea0163456697e81c8ae84bb0531/2|common|tanktop 1|laser safety glasses|egg|cap 1|-
21|BullMoon #11|707.0471721261196|https://opensea.io/assets/ethereum/0xc6d12b8fc4eedea0163456697e81c8ae84bb0531/11|common|mountain jacket|laser safety glasses|black|army cap|-
21|BullMoon #18|707.0471721261196|https://opensea.io/assets/ethereum/0xc6d12b8fc4eedea0163456697e81c8ae84bb0531/18|common|scotch shirt|sci-fi 1|purple|small horn helmet|-
24|BullMoon #133|445.94346405228754|https://opensea.io/assets/ethereum/0xc6d12b8fc4eedea0163456697e81c8ae84bb0531/133|rare|business suit|classic glasses|peach|leather hat|dollar earring
24|BullMoon #142|445.94346405228754|https://opensea.io/assets/ethereum/0xc6d12b8fc4eedea0163456697e81c8ae84bb0531/142|rare|business suit|classic glasses|cyan|leather hat|dollar earring
24|BullMoon #156|445.94346405228754|https://opensea.io/assets/ethereum/0xc6d12b8fc4eedea0163456697e81c8ae84bb0531/156|rare|business suit|classic glasses|rose|leather hat|dollar earring
27|BullMoon #119|294.94346405228754|https://opensea.io/assets/ethereum/0xc6d12b8fc4eedea0163456697e81c8ae84bb0531/119|rare|business suit|classic glasses|black|leather hat|dollar earring
27|BullMoon #150|294.94346405228754|https://opensea.io/assets/ethereum/0xc6d12b8fc4eedea0163456697e81c8ae84bb0531/150|rare|business suit|classic glasses|white|leather hat|dollar earring
27|BullMoon #155|294.94346405228754|https://opensea.io/assets/ethereum/0xc6d12b8fc4eedea0163456697e81c8ae84bb0531/155|rare|business suit|classic glasses|white|leather hat|dollar earring
30|BullMoon #105|244.61013071895422|https://opensea.io/assets/ethereum/0xc6d12b8fc4eedea0163456697e81c8ae84bb0531/105|rare|business suit|classic glasses|pink|leather hat|dollar earring
30|BullMoon #115|244.61013071895422|https://opensea.io/assets/ethereum/0xc6d12b8fc4eedea0163456697e81c8ae84bb0531/115|rare|business suit|classic glasses|blue|leather hat|dollar earring
32|BullMoon #0|39.77389277389277|https://opensea.io/assets/ethereum/0xc6d12b8fc4eedea0163456697e81c8ae84bb0531/0|unknown|-|-|-|-|-
32|BullMoon #264|39.77389277389277|https://opensea.io/assets/ethereum/0xc6d12b8fc4eedea0163456697e81c8ae84bb0531/264|unknown|-|-|-|-|-
32|BullMoon #265|39.77389277389277|https://opensea.io/assets/ethereum/0xc6d12b8fc4eedea0163456697e81c8ae84bb0531/265|unknown|-|-|-|-|-
32|BullMoon #266|39.77389277389277|https://opensea.io/assets/ethereum/0xc6d12b8fc4eedea0163456697e81c8ae84bb0531/266|unknown|-|-|-|-|-
32|BullMoon #267|39.77389277389277|https://opensea.io/assets/ethereum/0xc6d12b8fc4eedea0163456697e81c8ae84bb0531/267|unknown|-|-|-|-|-
32|BullMoon #268|39.77389277389277|https://opensea.io/assets/ethereum/0xc6d12b8fc4eedea0163456697e81c8ae84bb0531/268|unknown|-|-|-|-|-
32|BullMoon #269|39.77389277389277|https://opensea.io/assets/ethereum/0xc6d12b8fc4eedea0163456697e81c8ae84bb0531/269|unknown|-|-|-|-|-
32|BullMoon #270|39.77389277389277|https://opensea.io/assets/ethereum/0xc6d12b8fc4eedea0163456697e81c8ae84bb0531/270|unknown|-|-|-|-|-
32|BullMoon #271|39.77389277389277|https://opensea.io/assets/ethereum/0xc6d12b8fc4eedea0163456697e81c8ae84bb0531/271|unknown|-|-|-|-|-
32|BullMoon #272|39.77389277389277|https://opensea.io/assets/ethereum/0xc6d12b8fc4eedea0163456697e81c8ae84bb0531/272|unknown|-|-|-|-|-
32|BullMoon #273|39.77389277389277|https://opensea.io/assets/ethereum/0xc6d12b8fc4eedea0163456697e81c8ae84bb0531/273|unknown|-|-|-|-|-
32|BullMoon #274|39.77389277389277|https://opensea.io/assets/ethereum/0xc6d12b8fc4eedea0163456697e81c8ae84bb0531/274|unknown|-|-|-|-|-
32|BullMoon #275|39.77389277389277|https://opensea.io/assets/ethereum/0xc6d12b8fc4eedea0163456697e81c8ae84bb0531/275|unknown|-|-|-|-|-
32|BullMoon #276|39.77389277389277|https://opensea.io/assets/ethereum/0xc6d12b8fc4eedea0163456697e81c8ae84bb0531/276|unknown|-|-|-|-|-
32|BullMoon #277|39.77389277389277|https://opensea.io/assets/ethereum/0xc6d12b8fc4eedea0163456697e81c8ae84bb0531/277|unknown|-|-|-|-|-
32|BullMoon #278|39.77389277389277|https://opensea.io/assets/ethereum/0xc6d12b8fc4eedea0163456697e81c8ae84bb0531/278|unknown|-|-|-|-|-
32|BullMoon #279|39.77389277389277|https://opensea.io/assets/ethereum/0xc6d12b8fc4eedea0163456697e81c8ae84bb0531/279|unknown|-|-|-|-|-
32|BullMoon #280|39.77389277389277|https://opensea.io/assets/ethereum/0xc6d12b8fc4eedea0163456697e81c8ae84bb0531/280|unknown|-|-|-|-|-
32|BullMoon #281|39.77389277389277|https://opensea.io/assets/ethereum/0xc6d12b8fc4eedea0163456697e81c8ae84bb0531/281|unknown|-|-|-|-|-
32|BullMoon #282|39.77389277389277|https://opensea.io/assets/ethereum/0xc6d12b8fc4eedea0163456697e81c8ae84bb0531/282|unknown|-|-|-|-|-
32|BullMoon #283|39.77389277389277|https://opensea.io/assets/ethereum/0xc6d12b8fc4eedea0163456697e81c8ae84bb0531/283|unknown|-|-|-|-|-
32|BullMoon #284|39.77389277389277|https://opensea.io/assets/ethereum/0xc6d12b8fc4eedea0163456697e81c8ae84bb0531/284|unknown|-|-|-|-|-
32|BullMoon #285|39.77389277389277|https://opensea.io/assets/ethereum/0xc6d12b8fc4eedea0163456697e81c8ae84bb0531/285|unknown|-|-|-|-|-
32|BullMoon #286|39.77389277389277|https://opensea.io/assets/ethereum/0xc6d12b8fc4eedea0163456697e81c8ae84bb0531/286|unknown|-|-|-|-|-
32|BullMoon #287|39.77389277389277|https://opensea.io/assets/ethereum/0xc6d12b8fc4eedea0163456697e81c8ae84bb0531/287|unknown|-|-|-|-|-
32|BullMoon #288|39.77389277389277|https://opensea.io/assets/ethereum/0xc6d12b8fc4eedea0163456697e81c8ae84bb0531/288|unknown|-|-|-|-|-
32|BullMoon #289|39.77389277389277|https://opensea.io/assets/ethereum/0xc6d12b8fc4eedea0163456697e81c8ae84bb0531/289|unknown|-|-|-|-|-
32|BullMoon #290|39.77389277389277|https://opensea.io/assets/ethereum/0xc6d12b8fc4eedea0163456697e81c8ae84bb0531/290|unknown|-|-|-|-|-
32|BullMoon #291|39.77389277389277|https://opensea.io/assets/ethereum/0xc6d12b8fc4eedea0163456697e81c8ae84bb0531/291|unknown|-|-|-|-|-
32|BullMoon #292|39.77389277389277|https://opensea.io/assets/ethereum/0xc6d12b8fc4eedea0163456697e81c8ae84bb0531/292|unknown|-|-|-|-|-
32|BullMoon #293|39.77389277389277|https://opensea.io/assets/ethereum/0xc6d12b8fc4eedea0163456697e81c8ae84bb0531/293|unknown|-|-|-|-|-
32|BullMoon #294|39.77389277389277|https://opensea.io/assets/ethereum/0xc6d12b8fc4eedea0163456697e81c8ae84bb0531/294|unknown|-|-|-|-|-
32|BullMoon #295|39.77389277389277|https://opensea.io/assets/ethereum/0xc6d12b8fc4eedea0163456697e81c8ae84bb0531/295|unknown|-|-|-|-|-
32|BullMoon #296|39.77389277389277|https://opensea.io/assets/ethereum/0xc6d12b8fc4eedea0163456697e81c8ae84bb0531/296|unknown|-|-|-|-|-
32|BullMoon #297|39.77389277389277|https://opensea.io/assets/ethereum/0xc6d12b8fc4eedea0163456697e81c8ae84bb0531/297|unknown|-|-|-|-|-
32|BullMoon #298|39.77389277389277|https://opensea.io/assets/ethereum/0xc6d12b8fc4eedea0163456697e81c8ae84bb0531/298|unknown|-|-|-|-|-
32|BullMoon #299|39.77389277389277|https://opensea.io/assets/ethereum/0xc6d12b8fc4eedea0163456697e81c8ae84bb0531/299|unknown|-|-|-|-|-
32|BullMoon #300|39.77389277389277|https://opensea.io/assets/ethereum/0xc6d12b8fc4eedea0163456697e81c8ae84bb0531/300|unknown|-|-|-|-|-
32|BullMoon #301|39.77389277389277|https://opensea.io/assets/ethereum/0xc6d12b8fc4eedea0163456697e81c8ae84bb0531/301|unknown|-|-|-|-|-
71|BullMoon #127|15.145193548844663|https://opensea.io/assets/ethereum/0xc6d12b8fc4eedea0163456697e81c8ae84bb0531/127|rare|||||-
71|BullMoon #130|15.145193548844663|https://opensea.io/assets/ethereum/0xc6d12b8fc4eedea0163456697e81c8ae84bb0531/130|rare|||||-
71|BullMoon #149|15.145193548844663|https://opensea.io/assets/ethereum/0xc6d12b8fc4eedea0163456697e81c8ae84bb0531/149|rare|||||-
71|BullMoon #171|15.145193548844663|https://opensea.io/assets/ethereum/0xc6d12b8fc4eedea0163456697e81c8ae84bb0531/171|rare|||||-
71|BullMoon #179|15.145193548844663|https://opensea.io/assets/ethereum/0xc6d12b8fc4eedea0163456697e81c8ae84bb0531/179|rare|||||-
71|BullMoon #181|15.145193548844663|https://opensea.io/assets/ethereum/0xc6d12b8fc4eedea0163456697e81c8ae84bb0531/181|rare|||||-
71|BullMoon #183|15.145193548844663|https://opensea.io/assets/ethereum/0xc6d12b8fc4eedea0163456697e81c8ae84bb0531/183|rare|||||-
71|BullMoon #189|15.145193548844663|https://opensea.io/assets/ethereum/0xc6d12b8fc4eedea0163456697e81c8ae84bb0531/189|rare|||||-
71|BullMoon #194|15.145193548844663|https://opensea.io/assets/ethereum/0xc6d12b8fc4eedea0163456697e81c8ae84bb0531/194|rare|||||-
71|BullMoon #196|15.145193548844663|https://opensea.io/assets/ethereum/0xc6d12b8fc4eedea0163456697e81c8ae84bb0531/196|rare|||||-
71|BullMoon #208|15.145193548844663|https://opensea.io/assets/ethereum/0xc6d12b8fc4eedea0163456697e81c8ae84bb0531/208|rare|||||-
71|BullMoon #209|15.145193548844663|https://opensea.io/assets/ethereum/0xc6d12b8fc4eedea0163456697e81c8ae84bb0531/209|rare|||||-
71|BullMoon #221|15.145193548844663|https://opensea.io/assets/ethereum/0xc6d12b8fc4eedea0163456697e81c8ae84bb0531/221|rare|||||-
71|BullMoon #224|15.145193548844663|https://opensea.io/assets/ethereum/0xc6d12b8fc4eedea0163456697e81c8ae84bb0531/224|rare|||||-
71|BullMoon #226|15.145193548844663|https://opensea.io/assets/ethereum/0xc6d12b8fc4eedea0163456697e81c8ae84bb0531/226|rare|||||-
71|BullMoon #230|15.145193548844663|https://opensea.io/assets/ethereum/0xc6d12b8fc4eedea0163456697e81c8ae84bb0531/230|rare|||||-
71|BullMoon #231|15.145193548844663|https://opensea.io/assets/ethereum/0xc6d12b8fc4eedea0163456697e81c8ae84bb0531/231|rare|||||-
71|BullMoon #235|15.145193548844663|https://opensea.io/assets/ethereum/0xc6d12b8fc4eedea0163456697e81c8ae84bb0531/235|rare|||||-
71|BullMoon #241|15.145193548844663|https://opensea.io/assets/ethereum/0xc6d12b8fc4eedea0163456697e81c8ae84bb0531/241|rare|||||-
71|BullMoon #243|15.145193548844663|https://opensea.io/assets/ethereum/0xc6d12b8fc4eedea0163456697e81c8ae84bb0531/243|rare|||||-
71|BullMoon #245|15.145193548844663|https://opensea.io/assets/ethereum/0xc6d12b8fc4eedea0163456697e81c8ae84bb0531/245|rare|||||-
71|BullMoon #261|15.145193548844663|https://opensea.io/assets/ethereum/0xc6d12b8fc4eedea0163456697e81c8ae84bb0531/261|rare|||||-
93|BullMoon #21|7.587402011176966|https://opensea.io/assets/ethereum/0xc6d12b8fc4eedea0163456697e81c8ae84bb0531/21|common|||||-
93|BullMoon #22|7.587402011176966|https://opensea.io/assets/ethereum/0xc6d12b8fc4eedea0163456697e81c8ae84bb0531/22|common|||||-
93|BullMoon #23|7.587402011176966|https://opensea.io/assets/ethereum/0xc6d12b8fc4eedea0163456697e81c8ae84bb0531/23|common|||||-
93|BullMoon #24|7.587402011176966|https://opensea.io/assets/ethereum/0xc6d12b8fc4eedea0163456697e81c8ae84bb0531/24|common|||||-
93|BullMoon #25|7.587402011176966|https://opensea.io/assets/ethereum/0xc6d12b8fc4eedea0163456697e81c8ae84bb0531/25|common|||||-
93|BullMoon #26|7.587402011176966|https://opensea.io/assets/ethereum/0xc6d12b8fc4eedea0163456697e81c8ae84bb0531/26|common|||||-
93|BullMoon #27|7.587402011176966|https://opensea.io/assets/ethereum/0xc6d12b8fc4eedea0163456697e81c8ae84bb0531/27|common|||||-
93|BullMoon #28|7.587402011176966|https://opensea.io/assets/ethereum/0xc6d12b8fc4eedea0163456697e81c8ae84bb0531/28|common|||||-
93|BullMoon #29|7.587402011176966|https://opensea.io/assets/ethereum/0xc6d12b8fc4eedea0163456697e81c8ae84bb0531/29|common|||||-
93|BullMoon #30|7.587402011176966|https://opensea.io/assets/ethereum/0xc6d12b8fc4eedea0163456697e81c8ae84bb0531/30|common|||||-
93|BullMoon #31|7.587402011176966|https://opensea.io/assets/ethereum/0xc6d12b8fc4eedea0163456697e81c8ae84bb0531/31|common|||||-
93|BullMoon #32|7.587402011176966|https://opensea.io/assets/ethereum/0xc6d12b8fc4eedea0163456697e81c8ae84bb0531/32|common|||||-
93|BullMoon #33|7.587402011176966|https://opensea.io/assets/ethereum/0xc6d12b8fc4eedea0163456697e81c8ae84bb0531/33|common|||||-
93|BullMoon #34|7.587402011176966|https://opensea.io/assets/ethereum/0xc6d12b8fc4eedea0163456697e81c8ae84bb0531/34|common|||||-
93|BullMoon #35|7.587402011176966|https://opensea.io/assets/ethereum/0xc6d12b8fc4eedea0163456697e81c8ae84bb0531/35|common|||||-
93|BullMoon #36|7.587402011176966|https://opensea.io/assets/ethereum/0xc6d12b8fc4eedea0163456697e81c8ae84bb0531/36|common|||||-
93|BullMoon #37|7.587402011176966|https://opensea.io/assets/ethereum/0xc6d12b8fc4eedea0163456697e81c8ae84bb0531/37|common|||||-
93|BullMoon #38|7.587402011176966|https://opensea.io/assets/ethereum/0xc6d12b8fc4eedea0163456697e81c8ae84bb0531/38|common|||||-
93|BullMoon #39|7.587402011176966|https://opensea.io/assets/ethereum/0xc6d12b8fc4eedea0163456697e81c8ae84bb0531/39|common|||||-
93|BullMoon #40|7.587402011176966|https://opensea.io/assets/ethereum/0xc6d12b8fc4eedea0163456697e81c8ae84bb0531/40|common|||||-
93|BullMoon #41|7.587402011176966|https://opensea.io/assets/ethereum/0xc6d12b8fc4eedea0163456697e81c8ae84bb0531/41|common|||||-
93|BullMoon #42|7.587402011176966|https://opensea.io/assets/ethereum/0xc6d12b8fc4eedea0163456697e81c8ae84bb0531/42|common|||||-
93|BullMoon #43|7.587402011176966|https://opensea.io/assets/ethereum/0xc6d12b8fc4eedea0163456697e81c8ae84bb0531/43|common|||||-
93|BullMoon #44|7.587402011176966|https://opensea.io/assets/ethereum/0xc6d12b8fc4eedea0163456697e81c8ae84bb0531/44|common|||||-
93|BullMoon #45|7.587402011176966|https://opensea.io/assets/ethereum/0xc6d12b8fc4eedea0163456697e81c8ae84bb0531/45|common|||||-
93|BullMoon #46|7.587402011176966|https://opensea.io/assets/ethereum/0xc6d12b8fc4eedea0163456697e81c8ae84bb0531/46|common|||||-
93|BullMoon #47|7.587402011176966|https://opensea.io/assets/ethereum/0xc6d12b8fc4eedea0163456697e81c8ae84bb0531/47|common|||||-
93|BullMoon #48|7.587402011176966|https://opensea.io/assets/ethereum/0xc6d12b8fc4eedea0163456697e81c8ae84bb0531/48|common|||||-
93|BullMoon #49|7.587402011176966|https://opensea.io/assets/ethereum/0xc6d12b8fc4eedea0163456697e81c8ae84bb0531/49|common|||||-
93|BullMoon #50|7.587402011176966|https://opensea.io/assets/ethereum/0xc6d12b8fc4eedea0163456697e81c8ae84bb0531/50|common|||||-
93|BullMoon #51|7.587402011176966|https://opensea.io/assets/ethereum/0xc6d12b8fc4eedea0163456697e81c8ae84bb0531/51|common|||||-
93|BullMoon #52|7.587402011176966|https://opensea.io/assets/ethereum/0xc6d12b8fc4eedea0163456697e81c8ae84bb0531/52|common|||||-
93|BullMoon #53|7.587402011176966|https://opensea.io/assets/ethereum/0xc6d12b8fc4eedea0163456697e81c8ae84bb0531/53|common|||||-
93|BullMoon #54|7.587402011176966|https://opensea.io/assets/ethereum/0xc6d12b8fc4eedea0163456697e81c8ae84bb0531/54|common|||||-
93|BullMoon #55|7.587402011176966|https://opensea.io/assets/ethereum/0xc6d12b8fc4eedea0163456697e81c8ae84bb0531/55|common|||||-
93|BullMoon #56|7.587402011176966|https://opensea.io/assets/ethereum/0xc6d12b8fc4eedea0163456697e81c8ae84bb0531/56|common|||||-
93|BullMoon #57|7.587402011176966|https://opensea.io/assets/ethereum/0xc6d12b8fc4eedea0163456697e81c8ae84bb0531/57|common|||||-
93|BullMoon #58|7.587402011176966|https://opensea.io/assets/ethereum/0xc6d12b8fc4eedea0163456697e81c8ae84bb0531/58|common|||||-
93|BullMoon #59|7.587402011176966|https://opensea.io/assets/ethereum/0xc6d12b8fc4eedea0163456697e81c8ae84bb0531/59|common|||||-
93|BullMoon #60|7.587402011176966|https://opensea.io/assets/ethereum/0xc6d12b8fc4eedea0163456697e81c8ae84bb0531/60|common|||||-
93|BullMoon #61|7.587402011176966|https://opensea.io/assets/ethereum/0xc6d12b8fc4eedea0163456697e81c8ae84bb0531/61|common|||||-
93|BullMoon #62|7.587402011176966|https://opensea.io/assets/ethereum/0xc6d12b8fc4eedea0163456697e81c8ae84bb0531/62|common|||||-
93|BullMoon #63|7.587402011176966|https://opensea.io/assets/ethereum/0xc6d12b8fc4eedea0163456697e81c8ae84bb0531/63|common|||||-
93|BullMoon #64|7.587402011176966|https://opensea.io/assets/ethereum/0xc6d12b8fc4eedea0163456697e81c8ae84bb0531/64|common|||||-
93|BullMoon #65|7.587402011176966|https://opensea.io/assets/ethereum/0xc6d12b8fc4eedea0163456697e81c8ae84bb0531/65|common|||||-
93|BullMoon #66|7.587402011176966|https://opensea.io/assets/ethereum/0xc6d12b8fc4eedea0163456697e81c8ae84bb0531/66|common|||||-
93|BullMoon #67|7.587402011176966|https://opensea.io/assets/ethereum/0xc6d12b8fc4eedea0163456697e81c8ae84bb0531/67|common|||||-
93|BullMoon #68|7.587402011176966|https://opensea.io/assets/ethereum/0xc6d12b8fc4eedea0163456697e81c8ae84bb0531/68|common|||||-
93|BullMoon #69|7.587402011176966|https://opensea.io/assets/ethereum/0xc6d12b8fc4eedea0163456697e81c8ae84bb0531/69|common|||||-
93|BullMoon #70|7.587402011176966|https://opensea.io/assets/ethereum/0xc6d12b8fc4eedea0163456697e81c8ae84bb0531/70|common|||||-
93|BullMoon #71|7.587402011176966|https://opensea.io/assets/ethereum/0xc6d12b8fc4eedea0163456697e81c8ae84bb0531/71|common|||||-
93|BullMoon #72|7.587402011176966|https://opensea.io/assets/ethereum/0xc6d12b8fc4eedea0163456697e81c8ae84bb0531/72|common|||||-
93|BullMoon #73|7.587402011176966|https://opensea.io/assets/ethereum/0xc6d12b8fc4eedea0163456697e81c8ae84bb0531/73|common|||||-
93|BullMoon #74|7.587402011176966|https://opensea.io/assets/ethereum/0xc6d12b8fc4eedea0163456697e81c8ae84bb0531/74|common|||||-
93|BullMoon #75|7.587402011176966|https://opensea.io/assets/ethereum/0xc6d12b8fc4eedea0163456697e81c8ae84bb0531/75|common|||||-
93|BullMoon #76|7.587402011176966|https://opensea.io/assets/ethereum/0xc6d12b8fc4eedea0163456697e81c8ae84bb0531/76|common|||||-
93|BullMoon #77|7.587402011176966|https://opensea.io/assets/ethereum/0xc6d12b8fc4eedea0163456697e81c8ae84bb0531/77|common|||||-
93|BullMoon #78|7.587402011176966|https://opensea.io/assets/ethereum/0xc6d12b8fc4eedea0163456697e81c8ae84bb0531/78|common|||||-
93|BullMoon #79|7.587402011176966|https://opensea.io/assets/ethereum/0xc6d12b8fc4eedea0163456697e81c8ae84bb0531/79|common|||||-
93|BullMoon #80|7.587402011176966|https://opensea.io/assets/ethereum/0xc6d12b8fc4eedea0163456697e81c8ae84bb0531/80|common|||||-
93|BullMoon #81|7.587402011176966|https://opensea.io/assets/ethereum/0xc6d12b8fc4eedea0163456697e81c8ae84bb0531/81|common|||||-
93|BullMoon #82|7.587402011176966|https://opensea.io/assets/ethereum/0xc6d12b8fc4eedea0163456697e81c8ae84bb0531/82|common|||||-
93|BullMoon #83|7.587402011176966|https://opensea.io/assets/ethereum/0xc6d12b8fc4eedea0163456697e81c8ae84bb0531/83|common|||||-
93|BullMoon #84|7.587402011176966|https://opensea.io/assets/ethereum/0xc6d12b8fc4eedea0163456697e81c8ae84bb0531/84|common|||||-
93|BullMoon #85|7.587402011176966|https://opensea.io/assets/ethereum/0xc6d12b8fc4eedea0163456697e81c8ae84bb0531/85|common|||||-
93|BullMoon #86|7.587402011176966|https://opensea.io/assets/ethereum/0xc6d12b8fc4eedea0163456697e81c8ae84bb0531/86|common|||||-
93|BullMoon #87|7.587402011176966|https://opensea.io/assets/ethereum/0xc6d12b8fc4eedea0163456697e81c8ae84bb0531/87|common|||||-
93|BullMoon #88|7.587402011176966|https://opensea.io/assets/ethereum/0xc6d12b8fc4eedea0163456697e81c8ae84bb0531/88|common|||||-
93|BullMoon #89|7.587402011176966|https://opensea.io/assets/ethereum/0xc6d12b8fc4eedea0163456697e81c8ae84bb0531/89|common|||||-
93|BullMoon #90|7.587402011176966|https://opensea.io/assets/ethereum/0xc6d12b8fc4eedea0163456697e81c8ae84bb0531/90|common|||||-
93|BullMoon #91|7.587402011176966|https://opensea.io/assets/ethereum/0xc6d12b8fc4eedea0163456697e81c8ae84bb0531/91|common|||||-
93|BullMoon #92|7.587402011176966|https://opensea.io/assets/ethereum/0xc6d12b8fc4eedea0163456697e81c8ae84bb0531/92|common|||||-
93|BullMoon #93|7.587402011176966|https://opensea.io/assets/ethereum/0xc6d12b8fc4eedea0163456697e81c8ae84bb0531/93|common|||||-
93|BullMoon #94|7.587402011176966|https://opensea.io/assets/ethereum/0xc6d12b8fc4eedea0163456697e81c8ae84bb0531/94|common|||||-
93|BullMoon #95|7.587402011176966|https://opensea.io/assets/ethereum/0xc6d12b8fc4eedea0163456697e81c8ae84bb0531/95|common|||||-
93|BullMoon #96|7.587402011176966|https://opensea.io/assets/ethereum/0xc6d12b8fc4eedea0163456697e81c8ae84bb0531/96|common|||||-
93|BullMoon #97|7.587402011176966|https://opensea.io/assets/ethereum/0xc6d12b8fc4eedea0163456697e81c8ae84bb0531/97|common|||||-
93|BullMoon #98|7.587402011176966|https://opensea.io/assets/ethereum/0xc6d12b8fc4eedea0163456697e81c8ae84bb0531/98|common|||||-
93|BullMoon #100|7.587402011176966|https://opensea.io/assets/ethereum/0xc6d12b8fc4eedea0163456697e81c8ae84bb0531/100|common|||||-
93|BullMoon #101|7.587402011176966|https://opensea.io/assets/ethereum/0xc6d12b8fc4eedea0163456697e81c8ae84bb0531/101|common|||||-
93|BullMoon #102|7.587402011176966|https://opensea.io/assets/ethereum/0xc6d12b8fc4eedea0163456697e81c8ae84bb0531/102|common|||||-
93|BullMoon #103|7.587402011176966|https://opensea.io/assets/ethereum/0xc6d12b8fc4eedea0163456697e81c8ae84bb0531/103|common|||||-
93|BullMoon #104|7.587402011176966|https://opensea.io/assets/ethereum/0xc6d12b8fc4eedea0163456697e81c8ae84bb0531/104|common|||||-
93|BullMoon #106|7.587402011176966|https://opensea.io/assets/ethereum/0xc6d12b8fc4eedea0163456697e81c8ae84bb0531/106|common|||||-
93|BullMoon #107|7.587402011176966|https://opensea.io/assets/ethereum/0xc6d12b8fc4eedea0163456697e81c8ae84bb0531/107|common|||||-
93|BullMoon #108|7.587402011176966|https://opensea.io/assets/ethereum/0xc6d12b8fc4eedea0163456697e81c8ae84bb0531/108|common|||||-
93|BullMoon #109|7.587402011176966|https://opensea.io/assets/ethereum/0xc6d12b8fc4eedea0163456697e81c8ae84bb0531/109|common|||||-
93|BullMoon #110|7.587402011176966|https://opensea.io/assets/ethereum/0xc6d12b8fc4eedea0163456697e81c8ae84bb0531/110|common|||||-
93|BullMoon #111|7.587402011176966|https://opensea.io/assets/ethereum/0xc6d12b8fc4eedea0163456697e81c8ae84bb0531/111|common|||||-
93|BullMoon #112|7.587402011176966|https://opensea.io/assets/ethereum/0xc6d12b8fc4eedea0163456697e81c8ae84bb0531/112|common|||||-
93|BullMoon #113|7.587402011176966|https://opensea.io/assets/ethereum/0xc6d12b8fc4eedea0163456697e81c8ae84bb0531/113|common|||||-
93|BullMoon #114|7.587402011176966|https://opensea.io/assets/ethereum/0xc6d12b8fc4eedea0163456697e81c8ae84bb0531/114|common|||||-
93|BullMoon #116|7.587402011176966|https://opensea.io/assets/ethereum/0xc6d12b8fc4eedea0163456697e81c8ae84bb0531/116|common|||||-
93|BullMoon #117|7.587402011176966|https://opensea.io/assets/ethereum/0xc6d12b8fc4eedea0163456697e81c8ae84bb0531/117|common|||||-
93|BullMoon #118|7.587402011176966|https://opensea.io/assets/ethereum/0xc6d12b8fc4eedea0163456697e81c8ae84bb0531/118|common|||||-
93|BullMoon #120|7.587402011176966|https://opensea.io/assets/ethereum/0xc6d12b8fc4eedea0163456697e81c8ae84bb0531/120|common|||||-
93|BullMoon #121|7.587402011176966|https://opensea.io/assets/ethereum/0xc6d12b8fc4eedea0163456697e81c8ae84bb0531/121|common|||||-
93|BullMoon #122|7.587402011176966|https://opensea.io/assets/ethereum/0xc6d12b8fc4eedea0163456697e81c8ae84bb0531/122|common|||||-
93|BullMoon #123|7.587402011176966|https://opensea.io/assets/ethereum/0xc6d12b8fc4eedea0163456697e81c8ae84bb0531/123|common|||||-
93|BullMoon #124|7.587402011176966|https://opensea.io/assets/ethereum/0xc6d12b8fc4eedea0163456697e81c8ae84bb0531/124|common|||||-
93|BullMoon #125|7.587402011176966|https://opensea.io/assets/ethereum/0xc6d12b8fc4eedea0163456697e81c8ae84bb0531/125|common|||||-
93|BullMoon #126|7.587402011176966|https://opensea.io/assets/ethereum/0xc6d12b8fc4eedea0163456697e81c8ae84bb0531/126|common|||||-
93|BullMoon #128|7.587402011176966|https://opensea.io/assets/ethereum/0xc6d12b8fc4eedea0163456697e81c8ae84bb0531/128|common|||||-
93|BullMoon #129|7.587402011176966|https://opensea.io/assets/ethereum/0xc6d12b8fc4eedea0163456697e81c8ae84bb0531/129|common|||||-
93|BullMoon #131|7.587402011176966|https://opensea.io/assets/ethereum/0xc6d12b8fc4eedea0163456697e81c8ae84bb0531/131|common|||||-
93|BullMoon #132|7.587402011176966|https://opensea.io/assets/ethereum/0xc6d12b8fc4eedea0163456697e81c8ae84bb0531/132|common|||||-
93|BullMoon #134|7.587402011176966|https://opensea.io/assets/ethereum/0xc6d12b8fc4eedea0163456697e81c8ae84bb0531/134|common|||||-
93|BullMoon #135|7.587402011176966|https://opensea.io/assets/ethereum/0xc6d12b8fc4eedea0163456697e81c8ae84bb0531/135|common|||||-
93|BullMoon #136|7.587402011176966|https://opensea.io/assets/ethereum/0xc6d12b8fc4eedea0163456697e81c8ae84bb0531/136|common|||||-
93|BullMoon #137|7.587402011176966|https://opensea.io/assets/ethereum/0xc6d12b8fc4eedea0163456697e81c8ae84bb0531/137|common|||||-
93|BullMoon #138|7.587402011176966|https://opensea.io/assets/ethereum/0xc6d12b8fc4eedea0163456697e81c8ae84bb0531/138|common|||||-
93|BullMoon #139|7.587402011176966|https://opensea.io/assets/ethereum/0xc6d12b8fc4eedea0163456697e81c8ae84bb0531/139|common|||||-
93|BullMoon #140|7.587402011176966|https://opensea.io/assets/ethereum/0xc6d12b8fc4eedea0163456697e81c8ae84bb0531/140|common|||||-
93|BullMoon #141|7.587402011176966|https://opensea.io/assets/ethereum/0xc6d12b8fc4eedea0163456697e81c8ae84bb0531/141|common|||||-
93|BullMoon #143|7.587402011176966|https://opensea.io/assets/ethereum/0xc6d12b8fc4eedea0163456697e81c8ae84bb0531/143|common|||||-
93|BullMoon #144|7.587402011176966|https://opensea.io/assets/ethereum/0xc6d12b8fc4eedea0163456697e81c8ae84bb0531/144|common|||||-
93|BullMoon #145|7.587402011176966|https://opensea.io/assets/ethereum/0xc6d12b8fc4eedea0163456697e81c8ae84bb0531/145|common|||||-
93|BullMoon #146|7.587402011176966|https://opensea.io/assets/ethereum/0xc6d12b8fc4eedea0163456697e81c8ae84bb0531/146|common|||||-
93|BullMoon #147|7.587402011176966|https://opensea.io/assets/ethereum/0xc6d12b8fc4eedea0163456697e81c8ae84bb0531/147|common|||||-
93|BullMoon #148|7.587402011176966|https://opensea.io/assets/ethereum/0xc6d12b8fc4eedea0163456697e81c8ae84bb0531/148|common|||||-
93|BullMoon #151|7.587402011176966|https://opensea.io/assets/ethereum/0xc6d12b8fc4eedea0163456697e81c8ae84bb0531/151|common|||||-
93|BullMoon #152|7.587402011176966|https://opensea.io/assets/ethereum/0xc6d12b8fc4eedea0163456697e81c8ae84bb0531/152|common|||||-
93|BullMoon #153|7.587402011176966|https://opensea.io/assets/ethereum/0xc6d12b8fc4eedea0163456697e81c8ae84bb0531/153|common|||||-
93|BullMoon #154|7.587402011176966|https://opensea.io/assets/ethereum/0xc6d12b8fc4eedea0163456697e81c8ae84bb0531/154|common|||||-
93|BullMoon #157|7.587402011176966|https://opensea.io/assets/ethereum/0xc6d12b8fc4eedea0163456697e81c8ae84bb0531/157|common|||||-
93|BullMoon #158|7.587402011176966|https://opensea.io/assets/ethereum/0xc6d12b8fc4eedea0163456697e81c8ae84bb0531/158|common|||||-
93|BullMoon #159|7.587402011176966|https://opensea.io/assets/ethereum/0xc6d12b8fc4eedea0163456697e81c8ae84bb0531/159|common|||||-
93|BullMoon #160|7.587402011176966|https://opensea.io/assets/ethereum/0xc6d12b8fc4eedea0163456697e81c8ae84bb0531/160|common|||||-
93|BullMoon #161|7.587402011176966|https://opensea.io/assets/ethereum/0xc6d12b8fc4eedea0163456697e81c8ae84bb0531/161|common|||||-
93|BullMoon #162|7.587402011176966|https://opensea.io/assets/ethereum/0xc6d12b8fc4eedea0163456697e81c8ae84bb0531/162|common|||||-
93|BullMoon #163|7.587402011176966|https://opensea.io/assets/ethereum/0xc6d12b8fc4eedea0163456697e81c8ae84bb0531/163|common|||||-
93|BullMoon #164|7.587402011176966|https://opensea.io/assets/ethereum/0xc6d12b8fc4eedea0163456697e81c8ae84bb0531/164|common|||||-
93|BullMoon #165|7.587402011176966|https://opensea.io/assets/ethereum/0xc6d12b8fc4eedea0163456697e81c8ae84bb0531/165|common|||||-
93|BullMoon #166|7.587402011176966|https://opensea.io/assets/ethereum/0xc6d12b8fc4eedea0163456697e81c8ae84bb0531/166|common|||||-
93|BullMoon #167|7.587402011176966|https://opensea.io/assets/ethereum/0xc6d12b8fc4eedea0163456697e81c8ae84bb0531/167|common|||||-
93|BullMoon #168|7.587402011176966|https://opensea.io/assets/ethereum/0xc6d12b8fc4eedea0163456697e81c8ae84bb0531/168|common|||||-
93|BullMoon #169|7.587402011176966|https://opensea.io/assets/ethereum/0xc6d12b8fc4eedea0163456697e81c8ae84bb0531/169|common|||||-
93|BullMoon #170|7.587402011176966|https://opensea.io/assets/ethereum/0xc6d12b8fc4eedea0163456697e81c8ae84bb0531/170|common|||||-
93|BullMoon #172|7.587402011176966|https://opensea.io/assets/ethereum/0xc6d12b8fc4eedea0163456697e81c8ae84bb0531/172|common|||||-
93|BullMoon #173|7.587402011176966|https://opensea.io/assets/ethereum/0xc6d12b8fc4eedea0163456697e81c8ae84bb0531/173|common|||||-
93|BullMoon #175|7.587402011176966|https://opensea.io/assets/ethereum/0xc6d12b8fc4eedea0163456697e81c8ae84bb0531/175|common|||||-
93|BullMoon #176|7.587402011176966|https://opensea.io/assets/ethereum/0xc6d12b8fc4eedea0163456697e81c8ae84bb0531/176|common|||||-
93|BullMoon #177|7.587402011176966|https://opensea.io/assets/ethereum/0xc6d12b8fc4eedea0163456697e81c8ae84bb0531/177|common|||||-
93|BullMoon #178|7.587402011176966|https://opensea.io/assets/ethereum/0xc6d12b8fc4eedea0163456697e81c8ae84bb0531/178|common|||||-
93|BullMoon #180|7.587402011176966|https://opensea.io/assets/ethereum/0xc6d12b8fc4eedea0163456697e81c8ae84bb0531/180|common|||||-
93|BullMoon #182|7.587402011176966|https://opensea.io/assets/ethereum/0xc6d12b8fc4eedea0163456697e81c8ae84bb0531/182|common|||||-
93|BullMoon #184|7.587402011176966|https://opensea.io/assets/ethereum/0xc6d12b8fc4eedea0163456697e81c8ae84bb0531/184|common|||||-
93|BullMoon #185|7.587402011176966|https://opensea.io/assets/ethereum/0xc6d12b8fc4eedea0163456697e81c8ae84bb0531/185|common|||||-
93|BullMoon #186|7.587402011176966|https://opensea.io/assets/ethereum/0xc6d12b8fc4eedea0163456697e81c8ae84bb0531/186|common|||||-
93|BullMoon #187|7.587402011176966|https://opensea.io/assets/ethereum/0xc6d12b8fc4eedea0163456697e81c8ae84bb0531/187|common|||||-
93|BullMoon #188|7.587402011176966|https://opensea.io/assets/ethereum/0xc6d12b8fc4eedea0163456697e81c8ae84bb0531/188|common|||||-
93|BullMoon #190|7.587402011176966|https://opensea.io/assets/ethereum/0xc6d12b8fc4eedea0163456697e81c8ae84bb0531/190|common|||||-
93|BullMoon #191|7.587402011176966|https://opensea.io/assets/ethereum/0xc6d12b8fc4eedea0163456697e81c8ae84bb0531/191|common|||||-
93|BullMoon #192|7.587402011176966|https://opensea.io/assets/ethereum/0xc6d12b8fc4eedea0163456697e81c8ae84bb0531/192|common|||||-
93|BullMoon #193|7.587402011176966|https://opensea.io/assets/ethereum/0xc6d12b8fc4eedea0163456697e81c8ae84bb0531/193|common|||||-
93|BullMoon #195|7.587402011176966|https://opensea.io/assets/ethereum/0xc6d12b8fc4eedea0163456697e81c8ae84bb0531/195|common|||||-
93|BullMoon #197|7.587402011176966|https://opensea.io/assets/ethereum/0xc6d12b8fc4eedea0163456697e81c8ae84bb0531/197|common|||||-
93|BullMoon #198|7.587402011176966|https://opensea.io/assets/ethereum/0xc6d12b8fc4eedea0163456697e81c8ae84bb0531/198|common|||||-
93|BullMoon #199|7.587402011176966|https://opensea.io/assets/ethereum/0xc6d12b8fc4eedea0163456697e81c8ae84bb0531/199|common|||||-
93|BullMoon #200|7.587402011176966|https://opensea.io/assets/ethereum/0xc6d12b8fc4eedea0163456697e81c8ae84bb0531/200|common|||||-
93|BullMoon #201|7.587402011176966|https://opensea.io/assets/ethereum/0xc6d12b8fc4eedea0163456697e81c8ae84bb0531/201|common|||||-
93|BullMoon #202|7.587402011176966|https://opensea.io/assets/ethereum/0xc6d12b8fc4eedea0163456697e81c8ae84bb0531/202|common|||||-
93|BullMoon #203|7.587402011176966|https://opensea.io/assets/ethereum/0xc6d12b8fc4eedea0163456697e81c8ae84bb0531/203|common|||||-
93|BullMoon #204|7.587402011176966|https://opensea.io/assets/ethereum/0xc6d12b8fc4eedea0163456697e81c8ae84bb0531/204|common|||||-
93|BullMoon #205|7.587402011176966|https://opensea.io/assets/ethereum/0xc6d12b8fc4eedea0163456697e81c8ae84bb0531/205|common|||||-
93|BullMoon #206|7.587402011176966|https://opensea.io/assets/ethereum/0xc6d12b8fc4eedea0163456697e81c8ae84bb0531/206|common|||||-
93|BullMoon #207|7.587402011176966|https://opensea.io/assets/ethereum/0xc6d12b8fc4eedea0163456697e81c8ae84bb0531/207|common|||||-
93|BullMoon #210|7.587402011176966|https://opensea.io/assets/ethereum/0xc6d12b8fc4eedea0163456697e81c8ae84bb0531/210|common|||||-
93|BullMoon #211|7.587402011176966|https://opensea.io/assets/ethereum/0xc6d12b8fc4eedea0163456697e81c8ae84bb0531/211|common|||||-
93|BullMoon #212|7.587402011176966|https://opensea.io/assets/ethereum/0xc6d12b8fc4eedea0163456697e81c8ae84bb0531/212|common|||||-
93|BullMoon #213|7.587402011176966|https://opensea.io/assets/ethereum/0xc6d12b8fc4eedea0163456697e81c8ae84bb0531/213|common|||||-
93|BullMoon #214|7.587402011176966|https://opensea.io/assets/ethereum/0xc6d12b8fc4eedea0163456697e81c8ae84bb0531/214|common|||||-
93|BullMoon #215|7.587402011176966|https://opensea.io/assets/ethereum/0xc6d12b8fc4eedea0163456697e81c8ae84bb0531/215|common|||||-
93|BullMoon #216|7.587402011176966|https://opensea.io/assets/ethereum/0xc6d12b8fc4eedea0163456697e81c8ae84bb0531/216|common|||||-
93|BullMoon #217|7.587402011176966|https://opensea.io/assets/ethereum/0xc6d12b8fc4eedea0163456697e81c8ae84bb0531/217|common|||||-
93|BullMoon #218|7.587402011176966|https://opensea.io/assets/ethereum/0xc6d12b8fc4eedea0163456697e81c8ae84bb0531/218|common|||||-
93|BullMoon #219|7.587402011176966|https://opensea.io/assets/ethereum/0xc6d12b8fc4eedea0163456697e81c8ae84bb0531/219|common|||||-
93|BullMoon #220|7.587402011176966|https://opensea.io/assets/ethereum/0xc6d12b8fc4eedea0163456697e81c8ae84bb0531/220|common|||||-
93|BullMoon #222|7.587402011176966|https://opensea.io/assets/ethereum/0xc6d12b8fc4eedea0163456697e81c8ae84bb0531/222|common|||||-
93|BullMoon #223|7.587402011176966|https://opensea.io/assets/ethereum/0xc6d12b8fc4eedea0163456697e81c8ae84bb0531/223|common|||||-
93|BullMoon #225|7.587402011176966|https://opensea.io/assets/ethereum/0xc6d12b8fc4eedea0163456697e81c8ae84bb0531/225|common|||||-
93|BullMoon #227|7.587402011176966|https://opensea.io/assets/ethereum/0xc6d12b8fc4eedea0163456697e81c8ae84bb0531/227|common|||||-
93|BullMoon #228|7.587402011176966|https://opensea.io/assets/ethereum/0xc6d12b8fc4eedea0163456697e81c8ae84bb0531/228|common|||||-
93|BullMoon #229|7.587402011176966|https://opensea.io/assets/ethereum/0xc6d12b8fc4eedea0163456697e81c8ae84bb0531/229|common|||||-
93|BullMoon #232|7.587402011176966|https://opensea.io/assets/ethereum/0xc6d12b8fc4eedea0163456697e81c8ae84bb0531/232|common|||||-
93|BullMoon #233|7.587402011176966|https://opensea.io/assets/ethereum/0xc6d12b8fc4eedea0163456697e81c8ae84bb0531/233|common|||||-
93|BullMoon #234|7.587402011176966|https://opensea.io/assets/ethereum/0xc6d12b8fc4eedea0163456697e81c8ae84bb0531/234|common|||||-
93|BullMoon #236|7.587402011176966|https://opensea.io/assets/ethereum/0xc6d12b8fc4eedea0163456697e81c8ae84bb0531/236|common|||||-
93|BullMoon #237|7.587402011176966|https://opensea.io/assets/ethereum/0xc6d12b8fc4eedea0163456697e81c8ae84bb0531/237|common|||||-
93|BullMoon #238|7.587402011176966|https://opensea.io/assets/ethereum/0xc6d12b8fc4eedea0163456697e81c8ae84bb0531/238|common|||||-
93|BullMoon #239|7.587402011176966|https://opensea.io/assets/ethereum/0xc6d12b8fc4eedea0163456697e81c8ae84bb0531/239|common|||||-
93|BullMoon #240|7.587402011176966|https://opensea.io/assets/ethereum/0xc6d12b8fc4eedea0163456697e81c8ae84bb0531/240|common|||||-
93|BullMoon #242|7.587402011176966|https://opensea.io/assets/ethereum/0xc6d12b8fc4eedea0163456697e81c8ae84bb0531/242|common|||||-
93|BullMoon #244|7.587402011176966|https://opensea.io/assets/ethereum/0xc6d12b8fc4eedea0163456697e81c8ae84bb0531/244|common|||||-
93|BullMoon #246|7.587402011176966|https://opensea.io/assets/ethereum/0xc6d12b8fc4eedea0163456697e81c8ae84bb0531/246|common|||||-
93|BullMoon #247|7.587402011176966|https://opensea.io/assets/ethereum/0xc6d12b8fc4eedea0163456697e81c8ae84bb0531/247|common|||||-
93|BullMoon #248|7.587402011176966|https://opensea.io/assets/ethereum/0xc6d12b8fc4eedea0163456697e81c8ae84bb0531/248|common|||||-
93|BullMoon #249|7.587402011176966|https://opensea.io/assets/ethereum/0xc6d12b8fc4eedea0163456697e81c8ae84bb0531/249|common|||||-
93|BullMoon #250|7.587402011176966|https://opensea.io/assets/ethereum/0xc6d12b8fc4eedea0163456697e81c8ae84bb0531/250|common|||||-
93|BullMoon #251|7.587402011176966|https://opensea.io/assets/ethereum/0xc6d12b8fc4eedea0163456697e81c8ae84bb0531/251|common|||||-
93|BullMoon #252|7.587402011176966|https://opensea.io/assets/ethereum/0xc6d12b8fc4eedea0163456697e81c8ae84bb0531/252|common|||||-
93|BullMoon #253|7.587402011176966|https://opensea.io/assets/ethereum/0xc6d12b8fc4eedea0163456697e81c8ae84bb0531/253|common|||||-
93|BullMoon #254|7.587402011176966|https://opensea.io/assets/ethereum/0xc6d12b8fc4eedea0163456697e81c8ae84bb0531/254|common|||||-
93|BullMoon #255|7.587402011176966|https://opensea.io/assets/ethereum/0xc6d12b8fc4eedea0163456697e81c8ae84bb0531/255|common|||||-
93|BullMoon #256|7.587402011176966|https://opensea.io/assets/ethereum/0xc6d12b8fc4eedea0163456697e81c8ae84bb0531/256|common|||||-
93|BullMoon #257|7.587402011176966|https://opensea.io/assets/ethereum/0xc6d12b8fc4eedea0163456697e81c8ae84bb0531/257|common|||||-
93|BullMoon #258|7.587402011176966|https://opensea.io/assets/ethereum/0xc6d12b8fc4eedea0163456697e81c8ae84bb0531/258|common|||||-
93|BullMoon #259|7.587402011176966|https://opensea.io/assets/ethereum/0xc6d12b8fc4eedea0163456697e81c8ae84bb0531/259|common|||||-
93|BullMoon #260|7.587402011176966|https://opensea.io/assets/ethereum/0xc6d12b8fc4eedea0163456697e81c8ae84bb0531/260|common|||||-
93|BullMoon #262|7.587402011176966|https://opensea.io/assets/ethereum/0xc6d12b8fc4eedea0163456697e81c8ae84bb0531/262|common|||||-
